{
  "test": [
    641,
    302,
    369,
    493,
    579,
    54,
    645,
    257,
    663,
    478,
    55,
    639,
    481,
    77,
    235,
    277,
    304,
    630,
    90,
    457,
    192,
    220,
    390,
    145,
    164,
    118,
    671,
    519,
    274,
    589,
    628,
    81,
    331,
    559,
    109,
    284,
    63,
    101,
    672,
    76,
    584,
    10,
    507,
    260,
    344,
    259,
    31,
    479,
    490,
    354,
    265,
    526,
    444,
    360,
    299,
    480,
    2,
    211,
    132,
    576,
    72,
    181,
    133,
    399,
    329,
    396,
    78,
    234,
    647,
    120,
    199,
    291,
    60,
    352,
    30,
    69,
    155,
    209,
    44,
    70,
    482,
    248,
    542,
    422,
    595,
    531,
    182,
    286,
    65,
    525,
    49,
    158,
    306,
    39,
    148,
    488,
    6,
    231,
    643,
    213,
    634,
    135,
    336,
    163,
    310,
    86,
    176,
    434,
    597,
    629,
    588,
    165,
    41,
    486,
    108,
    409,
    56,
    208,
    557,
    393,
    136,
    227,
    578,
    131,
    24,
    349,
    464,
    210,
    605,
    110,
    82,
    51,
    204,
    544,
    428,
    247
  ],
  "folds": {
    "0": {
      "train": [
        18,
        408,
        657,
        61,
        451,
        29,
        650,
        656,
        550,
        326,
        439,
        606,
        592,
        445,
        328,
        449,
        114,
        174,
        249,
        250,
        7,
        89,
        362,
        501,
        346,
        529,
        140,
        43,
        42,
        73,
        167,
        436,
        590,
        66,
        11,
        256,
        340,
        541,
        278,
        398,
        431,
        420,
        429,
        23,
        289,
        294,
        33,
        381,
        22,
        221,
        516,
        84,
        319,
        320,
        203,
        196,
        321,
        93,
        281,
        357,
        618,
        184,
        545,
        292,
        178,
        335,
        153,
        75,
        388,
        92,
        382,
        68,
        361,
        538,
        188,
        236,
        88,
        571,
        563,
        238,
        0,
        668,
        271,
        116,
        228,
        631,
        314,
        144,
        377,
        611,
        646,
        268,
        448,
        46,
        261,
        195,
        107,
        437,
        500,
        604,
        528,
        332,
        149,
        124,
        537,
        585,
        185,
        558,
        534,
        327,
        624,
        142,
        141,
        172,
        549,
        305,
        25,
        169,
        517,
        412,
        272,
        154,
        126,
        446,
        287,
        350,
        173,
        465,
        222,
        280,
        17,
        615,
        322,
        255,
        648,
        190,
        495,
        301,
        405,
        485,
        430,
        621,
        456,
        45,
        380,
        644,
        499,
        16,
        48,
        654,
        619,
        3,
        316,
        623,
        283,
        610,
        225,
        26,
        263,
        50,
        364,
        229,
        37,
        649,
        622,
        194,
        574,
        421,
        653,
        580,
        67,
        417,
        168,
        530,
        162,
        309,
        193,
        365,
        383,
        470,
        152,
        226,
        432,
        103,
        115,
        652,
        119,
        518,
        151,
        403,
        637,
        207,
        447,
        640,
        443,
        8,
        497,
        36,
        139,
        253,
        368,
        59,
        111,
        548,
        477,
        262,
        297,
        414,
        150,
        440,
        266,
        587,
        359,
        38,
        423,
        416,
        351,
        468,
        450,
        627,
        503,
        419,
        442,
        601,
        348,
        325,
        186,
        123,
        573,
        96,
        143,
        394,
        469,
        521,
        371,
        324,
        293,
        254,
        122,
        183,
        246,
        415,
        197,
        171,
        598,
        511,
        125,
        342,
        219,
        129,
        515,
        617,
        522,
        496,
        112,
        232,
        586,
        373,
        536,
        317,
        410,
        603,
        358,
        376,
        384,
        642,
        552,
        472,
        347,
        505,
        625,
        575,
        85,
        159,
        524,
        35,
        170,
        577,
        569,
        95,
        240,
        460,
        553,
        591,
        206,
        392,
        570,
        217,
        602,
        546,
        406,
        502,
        47,
        32,
        200,
        593,
        230,
        378,
        288,
        418,
        498,
        62,
        128,
        658,
        64,
        14,
        492,
        379,
        216,
        52,
        337,
        251,
        461,
        455,
        673,
        201,
        161,
        476,
        105,
        565,
        1,
        561,
        80,
        34,
        508,
        427,
        366,
        564,
        345,
        241,
        13,
        600,
        387,
        670,
        484,
        660,
        243,
        566,
        562,
        189,
        475,
        58,
        474,
        252,
        313,
        459,
        160,
        276,
        385,
        413,
        343,
        308,
        99,
        87,
        330,
        214,
        466,
        20,
        270,
        435
      ],
      "valid": [
        218,
        567,
        296,
        473,
        664,
        506,
        651,
        483,
        212,
        311,
        487,
        215,
        635,
        633,
        613,
        104,
        607,
        514,
        355,
        556,
        334,
        551,
        244,
        177,
        83,
        404,
        674,
        79,
        15,
        363,
        264,
        667,
        300,
        275,
        137,
        662,
        9,
        290,
        661,
        318,
        411,
        583,
        341,
        28,
        367,
        620,
        117,
        608,
        462,
        539,
        581,
        356,
        675,
        612,
        659,
        100,
        333,
        179,
        666,
        375,
        19,
        312,
        12,
        494,
        453,
        245,
        298,
        113,
        338,
        57,
        395,
        596,
        353,
        94,
        180,
        5,
        425,
        582,
        285,
        616,
        533,
        157,
        237,
        374,
        370,
        175,
        572,
        424,
        452,
        609,
        426,
        594,
        543,
        513,
        74,
        407,
        523,
        303,
        638,
        512,
        467,
        568,
        433,
        599,
        127,
        307,
        198,
        146,
        147,
        532,
        463,
        239,
        97,
        279,
        400,
        202,
        438,
        323,
        547,
        626,
        402,
        535,
        527,
        223,
        554,
        53,
        669,
        386,
        655,
        509,
        267,
        441,
        233,
        258,
        282,
        224,
        665,
        242,
        540,
        636,
        397,
        4,
        98,
        134,
        27,
        489,
        391,
        138,
        471,
        520,
        156,
        40,
        187,
        295,
        269,
        555,
        401,
        389,
        632,
        205,
        454,
        91,
        339,
        315,
        273,
        166,
        504,
        510,
        560,
        21,
        191,
        491,
        130,
        372,
        458,
        121,
        614,
        71,
        106,
        102
      ]
    },
    "1": {
      "train": [
        218,
        18,
        567,
        657,
        296,
        29,
        473,
        664,
        506,
        650,
        656,
        550,
        651,
        483,
        212,
        311,
        439,
        606,
        487,
        215,
        635,
        633,
        445,
        328,
        613,
        104,
        114,
        607,
        174,
        249,
        514,
        362,
        501,
        355,
        346,
        556,
        43,
        73,
        167,
        436,
        590,
        66,
        11,
        334,
        551,
        244,
        256,
        278,
        398,
        177,
        431,
        83,
        404,
        674,
        79,
        23,
        15,
        363,
        264,
        667,
        300,
        275,
        137,
        294,
        662,
        9,
        22,
        290,
        221,
        516,
        661,
        318,
        84,
        411,
        583,
        320,
        321,
        93,
        281,
        341,
        357,
        28,
        184,
        545,
        367,
        620,
        236,
        117,
        608,
        0,
        271,
        462,
        539,
        228,
        631,
        581,
        144,
        356,
        646,
        675,
        612,
        659,
        100,
        333,
        604,
        179,
        332,
        149,
        124,
        537,
        534,
        666,
        624,
        142,
        141,
        375,
        19,
        172,
        312,
        12,
        305,
        494,
        453,
        245,
        298,
        412,
        272,
        126,
        446,
        287,
        113,
        338,
        57,
        17,
        615,
        395,
        648,
        190,
        495,
        596,
        353,
        94,
        180,
        301,
        405,
        485,
        430,
        621,
        456,
        5,
        644,
        619,
        425,
        582,
        316,
        285,
        616,
        225,
        533,
        50,
        364,
        229,
        37,
        157,
        237,
        374,
        370,
        175,
        572,
        622,
        194,
        421,
        424,
        653,
        417,
        168,
        309,
        193,
        452,
        383,
        609,
        470,
        152,
        426,
        594,
        226,
        543,
        103,
        513,
        74,
        115,
        407,
        119,
        518,
        447,
        523,
        8,
        139,
        303,
        638,
        512,
        368,
        548,
        467,
        262,
        568,
        297,
        414,
        433,
        266,
        359,
        599,
        127,
        423,
        307,
        198,
        146,
        450,
        627,
        503,
        442,
        147,
        532,
        463,
        186,
        573,
        239,
        394,
        469,
        521,
        97,
        279,
        293,
        254,
        400,
        202,
        438,
        323,
        246,
        415,
        547,
        626,
        171,
        125,
        402,
        535,
        527,
        223,
        554,
        342,
        53,
        669,
        515,
        617,
        522,
        386,
        655,
        509,
        267,
        441,
        496,
        232,
        373,
        233,
        536,
        258,
        282,
        224,
        642,
        665,
        85,
        242,
        159,
        35,
        540,
        636,
        95,
        206,
        397,
        570,
        217,
        4,
        602,
        546,
        98,
        47,
        134,
        27,
        593,
        489,
        378,
        418,
        391,
        138,
        471,
        128,
        520,
        64,
        14,
        156,
        40,
        492,
        379,
        187,
        337,
        295,
        251,
        461,
        455,
        673,
        269,
        201,
        161,
        555,
        401,
        476,
        105,
        565,
        389,
        632,
        561,
        80,
        205,
        508,
        454,
        366,
        91,
        339,
        345,
        241,
        315,
        600,
        273,
        166,
        660,
        504,
        243,
        566,
        562,
        475,
        510,
        474,
        560,
        21,
        191,
        413,
        491,
        308,
        130,
        99,
        372,
        458,
        466,
        121,
        614,
        20,
        71,
        106,
        270,
        102
      ],
      "valid": [
        408,
        61,
        451,
        326,
        592,
        449,
        250,
        7,
        89,
        529,
        140,
        42,
        340,
        541,
        420,
        429,
        289,
        33,
        381,
        319,
        203,
        196,
        618,
        292,
        178,
        335,
        153,
        75,
        388,
        92,
        382,
        68,
        361,
        538,
        188,
        88,
        571,
        563,
        238,
        668,
        116,
        314,
        377,
        611,
        268,
        448,
        46,
        261,
        195,
        107,
        437,
        500,
        528,
        585,
        185,
        558,
        327,
        549,
        25,
        169,
        517,
        154,
        350,
        173,
        465,
        222,
        280,
        322,
        255,
        45,
        380,
        499,
        16,
        48,
        654,
        3,
        623,
        283,
        610,
        26,
        263,
        649,
        574,
        580,
        67,
        530,
        162,
        365,
        432,
        652,
        151,
        403,
        637,
        207,
        640,
        443,
        497,
        36,
        253,
        59,
        111,
        477,
        150,
        440,
        587,
        38,
        416,
        351,
        468,
        419,
        601,
        348,
        325,
        123,
        96,
        143,
        371,
        324,
        122,
        183,
        197,
        598,
        511,
        219,
        129,
        112,
        586,
        317,
        410,
        603,
        358,
        376,
        384,
        552,
        472,
        347,
        505,
        625,
        575,
        524,
        170,
        577,
        569,
        240,
        460,
        553,
        591,
        392,
        406,
        502,
        32,
        200,
        230,
        288,
        498,
        62,
        658,
        216,
        52,
        1,
        34,
        427,
        564,
        13,
        387,
        670,
        484,
        189,
        58,
        252,
        313,
        459,
        160,
        276,
        385,
        343,
        87,
        330,
        214,
        435
      ]
    },
    "2": {
      "train": [
        218,
        567,
        408,
        61,
        296,
        451,
        473,
        664,
        506,
        651,
        326,
        483,
        212,
        311,
        487,
        215,
        635,
        633,
        592,
        449,
        613,
        104,
        607,
        250,
        7,
        89,
        514,
        355,
        529,
        140,
        556,
        42,
        334,
        551,
        244,
        340,
        541,
        177,
        420,
        83,
        429,
        404,
        674,
        79,
        15,
        363,
        289,
        264,
        667,
        300,
        275,
        137,
        33,
        662,
        381,
        9,
        290,
        661,
        318,
        319,
        411,
        583,
        203,
        196,
        341,
        618,
        28,
        292,
        178,
        335,
        153,
        75,
        388,
        367,
        92,
        382,
        68,
        620,
        361,
        538,
        188,
        88,
        571,
        117,
        563,
        608,
        238,
        668,
        462,
        539,
        116,
        314,
        581,
        377,
        356,
        611,
        268,
        448,
        46,
        261,
        195,
        675,
        612,
        107,
        437,
        500,
        659,
        100,
        333,
        528,
        179,
        585,
        185,
        558,
        666,
        327,
        375,
        19,
        549,
        312,
        12,
        25,
        494,
        169,
        453,
        517,
        245,
        298,
        154,
        113,
        350,
        173,
        338,
        57,
        465,
        222,
        280,
        322,
        255,
        395,
        596,
        353,
        94,
        180,
        5,
        45,
        380,
        499,
        16,
        48,
        654,
        3,
        425,
        582,
        623,
        283,
        610,
        285,
        616,
        26,
        533,
        263,
        157,
        237,
        649,
        374,
        370,
        175,
        572,
        574,
        424,
        580,
        67,
        530,
        162,
        452,
        365,
        609,
        426,
        594,
        432,
        543,
        513,
        74,
        407,
        652,
        151,
        403,
        637,
        207,
        640,
        443,
        523,
        497,
        36,
        253,
        303,
        638,
        512,
        59,
        111,
        477,
        467,
        568,
        150,
        433,
        440,
        587,
        599,
        38,
        127,
        416,
        307,
        198,
        351,
        468,
        146,
        419,
        601,
        147,
        532,
        348,
        463,
        325,
        123,
        96,
        143,
        239,
        97,
        371,
        324,
        279,
        400,
        122,
        183,
        202,
        438,
        323,
        197,
        547,
        626,
        598,
        511,
        402,
        535,
        527,
        223,
        554,
        53,
        219,
        129,
        669,
        386,
        655,
        509,
        267,
        441,
        112,
        586,
        233,
        317,
        410,
        603,
        358,
        258,
        282,
        376,
        384,
        224,
        552,
        472,
        347,
        505,
        665,
        625,
        575,
        242,
        524,
        540,
        170,
        577,
        569,
        636,
        240,
        460,
        553,
        591,
        392,
        397,
        4,
        98,
        406,
        502,
        32,
        200,
        134,
        27,
        230,
        489,
        288,
        391,
        498,
        138,
        62,
        471,
        658,
        520,
        156,
        40,
        187,
        216,
        52,
        295,
        269,
        555,
        401,
        389,
        1,
        632,
        205,
        34,
        427,
        454,
        91,
        339,
        564,
        13,
        315,
        387,
        273,
        166,
        670,
        484,
        504,
        189,
        510,
        58,
        560,
        252,
        21,
        313,
        459,
        160,
        276,
        191,
        385,
        491,
        343,
        130,
        372,
        87,
        458,
        330,
        214,
        121,
        614,
        71,
        106,
        435,
        102
      ],
      "valid": [
        18,
        657,
        29,
        650,
        656,
        550,
        439,
        606,
        445,
        328,
        114,
        174,
        249,
        362,
        501,
        346,
        43,
        73,
        167,
        436,
        590,
        66,
        11,
        256,
        278,
        398,
        431,
        23,
        294,
        22,
        221,
        516,
        84,
        320,
        321,
        93,
        281,
        357,
        184,
        545,
        236,
        0,
        271,
        228,
        631,
        144,
        646,
        604,
        332,
        149,
        124,
        537,
        534,
        624,
        142,
        141,
        172,
        305,
        412,
        272,
        126,
        446,
        287,
        17,
        615,
        648,
        190,
        495,
        301,
        405,
        485,
        430,
        621,
        456,
        644,
        619,
        316,
        225,
        50,
        364,
        229,
        37,
        622,
        194,
        421,
        653,
        417,
        168,
        309,
        193,
        383,
        470,
        152,
        226,
        103,
        115,
        119,
        518,
        447,
        8,
        139,
        368,
        548,
        262,
        297,
        414,
        266,
        359,
        423,
        450,
        627,
        503,
        442,
        186,
        573,
        394,
        469,
        521,
        293,
        254,
        246,
        415,
        171,
        125,
        342,
        515,
        617,
        522,
        496,
        232,
        373,
        536,
        642,
        85,
        159,
        35,
        95,
        206,
        570,
        217,
        602,
        546,
        47,
        593,
        378,
        418,
        128,
        64,
        14,
        492,
        379,
        337,
        251,
        461,
        455,
        673,
        201,
        161,
        476,
        105,
        565,
        561,
        80,
        508,
        366,
        345,
        241,
        600,
        660,
        243,
        566,
        562,
        475,
        474,
        413,
        308,
        99,
        466,
        20,
        270
      ]
    }
  }
}